model,DIC
m_non,12186.81244
m_v,9192.224127
m_v_a,7344.526142
m_v_t,5790.570591
m_v_t_a,5349.57967